{
  "classes": [
    "hip thrusts",
    "jumping jacks",
    "lunges",
    "pullups",
    "pushups",
    "squats"
  ],
  "num_classes": 6,
  "input_shape": 51,
  "num_keypoints": 17,
  "class_reconstruction_errors": {
    "hip thrusts": {
      "mean": 0.00427140130851559,
      "std": 0.0017321691972723456,
      "threshold": 0.007735739703060281
    },
    "jumping jacks": {
      "mean": 0.003875425018195151,
      "std": 0.0022287008032651255,
      "threshold": 0.008332826624725401
    },
    "lunges": {
      "mean": 0.004124795727192613,
      "std": 0.0016440288535421786,
      "threshold": 0.007412853434276971
    },
    "pullups": {
      "mean": 0.0046908407016338005,
      "std": 0.0026851927810344154,
      "threshold": 0.010061226263702632
    },
    "pushups": {
      "mean": 0.004173642143066055,
      "std": 0.002318065415218532,
      "threshold": 0.008809772973503119
    },
    "squats": {
      "mean": 0.003667154652003891,
      "std": 0.0018700132826119803,
      "threshold": 0.007407181217227852
    }
  }
}